objectPath,objectName,objectType,id
/Explore,JonTest,Project,4yZbHLz2ZLZipIG3fxnw2V
/SYS,HP-Training,AgentGroup,7Mw8POtB9OLiJFbVJPU5qk
/Explore/Default,HP_ErrorHandling,DTEMPLATE,4GTnY9ulNpylBL9ReAG2aQ
/Explore/JonTest,HP_ErrorHandling_Task,MTT,3PWNLr4ADaodZHe1yxMhka
/Explore/JonTest,HP_StructureModel,STRUCTURE_DISCOVERY,8dUZ5ej7dAQfmPl2ZN4HI5
/SYS,HP_LocalCSVFiles,Connection,1VmNf2qwQNCjdSMCPe2tky
/Explore,Default,Project,hOUnOasyqmQeepWsmnKHUG
/Explore/JonTest,HP_QuizSchema,HSCHEMA,2nWgZtwHSYpjOKmWrgOHQl