{
  "name" : "trening_Autonet - Copy 1-1581586845777",
  "sourceOrgId" : "gfonwEkTeyxf4t1c2UT4W0",
  "sourceOrgName" : "Cgi Norge AS",
  "exportedObjects" : [ {
    "objectGuid" : "3hEzn3YbLawitsKhcraYmD",
    "objectName" : "Trening",
    "objectType" : "Folder",
    "path" : "/Explore/Santander",
    "metadata" : {
      "modelVersion" : {
        "major" : 0,
        "minor" : 0
      },
      "repoInfo" : null,
      "objectRefs" : [ ],
      "contextAttributes" : [ ],
      "additionalInfo" : {
        "description" : "",
        "contentType" : "Binary",
        "documentState" : "COMPLETE"
      }
    }
  }, {
    "objectGuid" : "kGt9lbYpwO9eHThgrvYrYm",
    "objectName" : "trening_Autonet - Copy 1",
    "objectType" : "AI_SERVICE_CONNECTOR",
    "path" : "/Explore/Santander/Trening",
    "metadata" : {
      "modelVersion" : {
        "major" : 1,
        "minor" : 0
      },
      "repoInfo" : {
        "repoHandle" : "r7Ji4tciSrZMSPf-gt-9050114-2020-01-09T14:18:52.28Z::svc.xml"
      },
      "objectRefs" : [ ],
      "contextAttributes" : null,
      "additionalInfo" : {
        "description" : "Training connector which shows how to use xpath to locate fields from a XML response.",
        "contentType" : "application/json; charset=utf-8",
        "documentState" : "VALID"
      }
    }
  }, {
    "objectGuid" : "gxEbaojg2kLhxK0ZZfvK4j",
    "objectName" : "Santander",
    "objectType" : "Project",
    "path" : "/Explore",
    "metadata" : {
      "modelVersion" : {
        "major" : 0,
        "minor" : 0
      },
      "repoInfo" : null,
      "objectRefs" : [ ],
      "contextAttributes" : [ ],
      "additionalInfo" : {
        "description" : "Santander Consumer Bank - One Bank",
        "contentType" : "Binary",
        "documentState" : "COMPLETE"
      }
    }
  } ]
}