<aetgt:getResponse xmlns:aetgt="http://schemas.active-endpoints.com/appmodules/repository/2010/10/avrepository.xsd"
                   xmlns:types1="http://schemas.active-endpoints.com/appmodules/repository/2010/10/avrepository.xsd">
   <types1:Item>
      <types1:EntryId>r7Ji4tciSrZMSPf-gt-9050114-2020-01-09T14:18:52.28Z::svc.xml</types1:EntryId>
      <types1:Name>trening_Autonet_-_Copy_1</types1:Name>
      <types1:MimeType>application/xml+businesssconnector</types1:MimeType>
      <types1:Description>Training connector which shows how to use xpath to locate fields from a XML response.</types1:Description>
      <types1:AppliesTo/>
      <types1:Tags/>
      <types1:VersionLabel>1.0</types1:VersionLabel>
      <types1:State>CURRENT</types1:State>
      <types1:ProcessGroup/>
      <types1:CreatedBy>jon.nettum</types1:CreatedBy>
      <types1:CreationDate>2020-01-09T14:18:52Z</types1:CreationDate>
      <types1:ModifiedBy>jon.nettum</types1:ModifiedBy>
      <types1:ModificationDate>2020-02-13T09:40:33Z</types1:ModificationDate>
      <types1:PublicationStatus>unpublished</types1:PublicationStatus>
      <types1:AutosaveExists>false</types1:AutosaveExists>
      <types1:Entry>
         <businessConnector xmlns="http://schemas.informatica.com/socrates/data-services/2014/05/business-connector-model.xsd"
                            agentOnly="false"
                            debug="false"
                            displayName="trening_Autonet - Copy 1"
                            label=""
                            name="trening_Autonet_-_Copy_1"
                            uuid="cbef233e-59c4-4332-b806-03d30dc532c1">
            <description>Training connector which shows how to use xpath to locate fields from a XML response.</description>
            <tags/>
            <connectionAttributes xmlns="http://schemas.informatica.com/appmodules/screenflow/2014/04/avosConnectors.xsd"/>
            <actions>
               <action category=""
                       failOnError="true"
                       forSearch="false"
                       label="getVehicleInfo"
                       maxRedirects="100"
                       name="getVehicleInfo"
                       preemptiveAuth="true"
                       responseEncoding="UTF-8">
                  <description/>
                  <input>
                     <parameter name="Regnr" required="false" testWith="ALU651" type="string"/>
                  </input>
                  <binding>
                     <restSimpleBinding multiUsing="semicolonSeparated"
                                        url="https://www5.bilvision.se/Autonet.Service/VehicleInfo"
                                        verb="GET">
                        <authentication>
                           <username>Brukernavn</username>
                           <password>DetteErEtInntastetPassord<password/>
                           <isExpressionInPassword>false</isExpressionInPassword>
                        </authentication>
                     </restSimpleBinding>
                  </binding>
                  <output>
                     <field description=""
                            entireResponse="true"
                            name="status"
                            type="string"/>
                     <field description="" name="test_ex" type="string">
                        <xquery>{$status//node()[Attribute="Registreringsdatum"]/Value/text()}</xquery>
                     </field>
                     <field description="" name="test_na" type="string">
                        <xquery>{$status//node()[Attribute="Årsmodell"]/Value/text()}</xquery>
                     </field>
                     <field description="" name="gg" type="string">
                        <xquery>{if (fn:empty($test_na)) then ("N/A") else $test_na}</xquery>
                     </field>
                     <field description="" name="roflol" type="string">
                        <xquery>{if 
(fn:empty($status//node()[Attribute="Modell"]/Value/text()))
then "N/A"
else
$status//node()[Attribute="Modell"]/Value/text()}</xquery>
                     </field>
                     <field description="" name="true" type="string">
                        <xquery>{fn:empty(test_na) and fn:empty(test_na)}</xquery>
                     </field>
                     <field description="" name="fgfg" type="string">
                        <xquery>{fn:empty(test_na)}</xquery>
                     </field>
                     <field description="" name="Registreringsdatum" type="string">
                        <xquery>{fn:string('990203')}</xquery>
                     </field>
                     <field description="" name="dateFormatting" type="string">
                        <xquery>{if (
	fn:contains($Registreringsdatum, '-')  
	and fn:string-length($Registreringsdatum) = 10
    )
	then $Registreringsdatum
    else if(
    		fn:substring($Registreringsdatum, 1,1) &gt; '5'
            )
    	then fn:concat('19',
        			   fn:substring($Registreringsdatum, 0,3),
                       '-',
                       fn:substring($Registreringsdatum, 3,2),
                       '-',
                       fn:substring($Registreringsdatum, 5))
        else fn:concat('20',
        			   fn:substring($Registreringsdatum, 0,3),
                       '-',
                       fn:substring($Registreringsdatum, 3,2),
                       '-',
                       fn:substring($Registreringsdatum, 5))

(:
if format YYYY-MM-DD
	then $field
    else transform $field

Observed date formats from Bilvision web services are either 'YYYY-MM-DD' or 'YYMMDD'. 
We want to return dates like the first format, 'YYYY-MM-DD'.
Assuming there are no other date formats than 'YYMMDD' to be transformed, we can use the logic above.
:)}</xquery>
                     </field>
                     <field description="" name="df2" type="string">
                        <xquery>{fn:year-from-date($Registreringsdatum)}</xquery>
                     </field>
                  </output>
               </action>
            </actions>
            <objects>
               <processObject xmlns="http://schemas.active-endpoints.com/appmodules/screenflow/2011/06/avosHostEnvironment.xsd"
                              isByCopy="true"
                              name="SF_fields">
                  <description/>
                  <detail>
                     <field name="src_make" type="string"/>
                     <field name="src_model" type="string"/>
                     <field name="src_model_extended" type="string"/>
                     <field name="src_model_year" type="string"/>
                     <field name="src_body" type="string"/>
                  </detail>
               </processObject>
            </objects>
         </businessConnector>
      </types1:Entry>
      <types1:GUID>kGt9lbYpwO9eHThgrvYrYm</types1:GUID>
      <types1:DisplayName>trening_Autonet - Copy 1</types1:DisplayName>
   </types1:Item>
   <types1:CurrentServerDateTime>2020-02-13T09:40:50.411Z</types1:CurrentServerDateTime>
</aetgt:getResponse>