objectPath,objectName,objectType,id
/Explore/Project1,Morten_MultiTarget_Parameters,DTEMPLATE,6XnEUEKcJYUehZl3ugjCSe
/Explore/Project1,Morten_FF_Lookup,DSS,fr6WAGcFQYdb2GhCHqciKh
/SYS,Morten_SFDCDeveloper,Connection,aTbRpo2g9KAcTF0hLx6m4i
/SYS,Morten_Local_CSVFiles,Connection,h370IJ0dLGFgbRhNr3EzQq
/Explore,Project1,Project,aQle1MltXK8bIHJfkYFugJ
/SYS,Morten_Agent,AgentGroup,9kVPW9VrySWftF0HSaj5qh
/Explore/Default,Morten_SFDCAccount_to_FF,DRS,3vPN5QJmAMaiZP3S1N8cy2
/Explore/Project1,Morten_SynchronizeContacts,WORKFLOW,0AHr6BCv5zLhxE1J72p6QA
/Explore,Default,Project,hOUnOasyqmQeepWsmnKHUG