{
  "name" : "Project1-1581501109727",
  "sourceOrgId" : "gfonwEkTeyxf4t1c2UT4W0",
  "sourceOrgName" : "Cgi Norge AS",
  "exportedObjects" : [ {
    "objectGuid" : "6XnEUEKcJYUehZl3ugjCSe",
    "objectName" : "Morten_MultiTarget_Parameters",
    "objectType" : "DTEMPLATE",
    "path" : "/Explore/Project1",
    "metadata" : {
      "modelVersion" : {
        "major" : 0,
        "minor" : 0
      },
      "repoInfo" : {
        "repoHandle" : "01003C1700000000000B"
      },
      "objectRefs" : [ "h370IJ0dLGFgbRhNr3EzQq" ],
      "contextAttributes" : [ {
        "name" : "id",
        "value" : "@1"
      } ],
      "additionalInfo" : {
        "description" : "",
        "contentType" : "JSON",
        "documentState" : "VALID"
      }
    }
  }, {
    "objectGuid" : "fr6WAGcFQYdb2GhCHqciKh",
    "objectName" : "Morten_FF_Lookup",
    "objectType" : "DSS",
    "path" : "/Explore/Project1",
    "metadata" : {
      "modelVersion" : {
        "major" : 0,
        "minor" : 0
      },
      "repoInfo" : {
        "repoHandle" : "01003C0I000000000008"
      },
      "objectRefs" : [ "aTbRpo2g9KAcTF0hLx6m4i", "h370IJ0dLGFgbRhNr3EzQq" ],
      "contextAttributes" : [ {
        "name" : "id",
        "value" : "@1"
      } ],
      "additionalInfo" : {
        "description" : "",
        "contentType" : "JSON",
        "documentState" : "VALID"
      }
    }
  }, {
    "objectGuid" : "aTbRpo2g9KAcTF0hLx6m4i",
    "objectName" : "Morten_SFDCDeveloper",
    "objectType" : "Connection",
    "path" : "/SYS",
    "metadata" : {
      "modelVersion" : {
        "major" : 0,
        "minor" : 0
      },
      "repoInfo" : {
        "repoHandle" : "01003C0B000000000005"
      },
      "objectRefs" : [ "9kVPW9VrySWftF0HSaj5qh" ],
      "contextAttributes" : [ {
        "name" : "id",
        "value" : "@1"
      } ],
      "additionalInfo" : {
        "description" : "Salesforce",
        "contentType" : "JSON",
        "documentState" : "COMPLETE"
      }
    }
  }, {
    "objectGuid" : "h370IJ0dLGFgbRhNr3EzQq",
    "objectName" : "Morten_Local_CSVFiles",
    "objectType" : "Connection",
    "path" : "/SYS",
    "metadata" : {
      "modelVersion" : {
        "major" : 0,
        "minor" : 0
      },
      "repoInfo" : {
        "repoHandle" : "01003C0B000000000006"
      },
      "objectRefs" : [ "9kVPW9VrySWftF0HSaj5qh" ],
      "contextAttributes" : [ {
        "name" : "id",
        "value" : "@1"
      } ],
      "additionalInfo" : {
        "description" : "lokal flat fil",
        "contentType" : "JSON",
        "documentState" : "COMPLETE"
      }
    }
  }, {
    "objectGuid" : "aQle1MltXK8bIHJfkYFugJ",
    "objectName" : "Project1",
    "objectType" : "Project",
    "path" : "/Explore",
    "metadata" : {
      "modelVersion" : {
        "major" : 0,
        "minor" : 0
      },
      "repoInfo" : null,
      "objectRefs" : [ ],
      "contextAttributes" : [ ],
      "additionalInfo" : {
        "description" : "",
        "contentType" : "Binary",
        "documentState" : "COMPLETE"
      }
    }
  }, {
    "objectGuid" : "9kVPW9VrySWftF0HSaj5qh",
    "objectName" : "Morten_Agent",
    "objectType" : "AgentGroup",
    "path" : "/SYS",
    "metadata" : {
      "modelVersion" : {
        "major" : 0,
        "minor" : 0
      },
      "repoInfo" : {
        "repoHandle" : "01003C25000000000003"
      },
      "objectRefs" : [ ],
      "contextAttributes" : [ {
        "name" : "id",
        "value" : "@1"
      } ],
      "additionalInfo" : {
        "description" : null,
        "contentType" : "JSON",
        "documentState" : "VALID"
      }
    }
  }, {
    "objectGuid" : "3vPN5QJmAMaiZP3S1N8cy2",
    "objectName" : "Morten_SFDCAccount_to_FF",
    "objectType" : "DRS",
    "path" : "/Explore/Default",
    "metadata" : {
      "modelVersion" : {
        "major" : 0,
        "minor" : 0
      },
      "repoInfo" : {
        "repoHandle" : "01003C0G000000000003"
      },
      "objectRefs" : [ "aTbRpo2g9KAcTF0hLx6m4i", "h370IJ0dLGFgbRhNr3EzQq" ],
      "contextAttributes" : [ {
        "name" : "id",
        "value" : "@1"
      } ],
      "additionalInfo" : {
        "description" : null,
        "contentType" : "JSON",
        "documentState" : "VALID"
      }
    }
  }, {
    "objectGuid" : "0AHr6BCv5zLhxE1J72p6QA",
    "objectName" : "Morten_SynchronizeContacts",
    "objectType" : "WORKFLOW",
    "path" : "/Explore/Project1",
    "metadata" : {
      "modelVersion" : {
        "major" : 0,
        "minor" : 0
      },
      "repoInfo" : {
        "repoHandle" : "01003C0N000000000002"
      },
      "objectRefs" : [ "3vPN5QJmAMaiZP3S1N8cy2", "fr6WAGcFQYdb2GhCHqciKh" ],
      "contextAttributes" : [ {
        "name" : "id",
        "value" : "@1"
      } ],
      "additionalInfo" : {
        "description" : null,
        "contentType" : "JSON",
        "documentState" : "VALID"
      }
    }
  }, {
    "objectGuid" : "hOUnOasyqmQeepWsmnKHUG",
    "objectName" : "Default",
    "objectType" : "Project",
    "path" : "/Explore",
    "metadata" : {
      "modelVersion" : {
        "major" : 0,
        "minor" : 0
      },
      "repoInfo" : null,
      "objectRefs" : [ ],
      "contextAttributes" : [ {
        "name" : "IS_DEF_LOC",
        "value" : "true"
      } ],
      "additionalInfo" : {
        "description" : "Auto-generated Default Project",
        "contentType" : null,
        "documentState" : "COMPLETE"
      }
    }
  } ]
}